Lab ID,Patient ID,Test Name,Result,Normal Range
L00001,P0001,WBC Count,12531.0,"4,000-11,000"
L00002,P0001,Hemoglobin,8.6,12-16
L00003,P0001,Hemoglobin,14.4,12-16
L00004,P0001,CRP,31.9,0-5
L00005,P0002,Creatinine,0.5,0.6-1.3
L00006,P0002,TSH,8.31,0.4-4.0
L00007,P0002,CRP,11.5,0-5
L00008,P0002,Platelet Count,463861.0,"150,000-450,000"
L00009,P0002,Hemoglobin,11.2,12-16
L00010,P0003,TSH,3.2,0.4-4.0
L00011,P0003,WBC Count,4567.0,"4,000-11,000"
L00012,P0003,Hemoglobin,12.1,12-16
L00013,P0004,HbA1c,11.8,4.0-5.6
L00014,P0004,TSH,0.21,0.4-4.0
L00015,P0005,CRP,34.0,0-5
L00016,P0005,HbA1c,7.4,4.0-5.6
L00017,P0005,Platelet Count,388888.0,"150,000-450,000"
L00018,P0005,WBC Count,14089.0,"4,000-11,000"
L00019,P0005,TSH,6.45,0.4-4.0
L00020,P0006,WBC Count,8607.0,"4,000-11,000"
L00021,P0006,Creatinine,2.7,0.6-1.3
L00022,P0006,WBC Count,11431.0,"4,000-11,000"
L00023,P0006,WBC Count,11056.0,"4,000-11,000"
L00024,P0007,Platelet Count,473300.0,"150,000-450,000"
L00025,P0007,Cholesterol,250.4,125-200
L00026,P0007,HbA1c,8.8,4.0-5.6
L00027,P0007,Hemoglobin,15.4,12-16
L00028,P0008,WBC Count,15833.0,"4,000-11,000"
L00029,P0008,Glucose,183.4,70-100
L00030,P0008,TSH,8.54,0.4-4.0
L00031,P0009,Creatinine,1.2,0.6-1.3
L00032,P0009,Glucose,98.2,70-100
L00033,P0010,CRP,9.8,0-5
L00034,P0010,WBC Count,2574.0,"4,000-11,000"
L00035,P0010,TSH,3.18,0.4-4.0
L00036,P0011,CRP,26.6,0-5
L00037,P0011,WBC Count,4872.0,"4,000-11,000"
L00038,P0012,Hemoglobin,16.7,12-16
L00039,P0012,Platelet Count,426788.0,"150,000-450,000"
L00040,P0012,Glucose,142.1,70-100
L00041,P0012,Creatinine,0.8,0.6-1.3
L00042,P0012,HbA1c,8.6,4.0-5.6
L00043,P0013,TSH,1.09,0.4-4.0
L00044,P0013,WBC Count,15288.0,"4,000-11,000"
L00045,P0013,Hemoglobin,16.7,12-16
L00046,P0013,TSH,7.49,0.4-4.0
L00047,P0014,Glucose,151.4,70-100
L00048,P0014,Cholesterol,228.9,125-200
L00049,P0014,Cholesterol,165.6,125-200
L00050,P0014,Creatinine,1.9,0.6-1.3
L00051,P0014,Platelet Count,294799.0,"150,000-450,000"
L00052,P0015,Creatinine,2.1,0.6-1.3
L00053,P0015,Glucose,116.5,70-100
L00054,P0015,Creatinine,1.1,0.6-1.3
L00055,P0016,Cholesterol,163.6,125-200
L00056,P0016,HbA1c,7.9,4.0-5.6
L00057,P0016,Glucose,210.4,70-100
L00058,P0016,HbA1c,11.3,4.0-5.6
L00059,P0017,Glucose,135.8,70-100
L00060,P0017,Cholesterol,296.1,125-200
L00061,P0017,Platelet Count,118606.0,"150,000-450,000"
L00062,P0017,Glucose,86.4,70-100
L00063,P0017,Creatinine,1.3,0.6-1.3
L00064,P0018,CRP,7.1,0-5
L00065,P0018,TSH,5.88,0.4-4.0
L00066,P0019,Cholesterol,185.3,125-200
L00067,P0019,WBC Count,9643.0,"4,000-11,000"
L00068,P0019,TSH,0.98,0.4-4.0
L00069,P0019,Platelet Count,331952.0,"150,000-450,000"
L00070,P0019,Creatinine,1.0,0.6-1.3
L00071,P0020,CRP,16.4,0-5
L00072,P0020,TSH,3.66,0.4-4.0
L00073,P0020,Hemoglobin,12.6,12-16
L00074,P0020,CRP,10.1,0-5
L00075,P0020,Glucose,110.0,70-100
L00076,P0021,Creatinine,0.5,0.6-1.3
L00077,P0021,Hemoglobin,14.8,12-16
L00078,P0022,Creatinine,1.0,0.6-1.3
L00079,P0022,CRP,29.5,0-5
L00080,P0023,CRP,1.9,0-5
L00081,P0023,Cholesterol,246.7,125-200
L00082,P0023,Glucose,131.0,70-100
L00083,P0024,Glucose,207.6,70-100
L00084,P0024,TSH,10.91,0.4-4.0
L00085,P0025,Glucose,93.5,70-100
L00086,P0025,Hemoglobin,15.4,12-16
L00087,P0026,Hemoglobin,10.7,12-16
L00088,P0026,Glucose,86.7,70-100
L00089,P0026,Glucose,103.4,70-100
L00090,P0027,Glucose,90.5,70-100
L00091,P0027,WBC Count,14942.0,"4,000-11,000"
L00092,P0028,TSH,7.39,0.4-4.0
L00093,P0028,Cholesterol,257.7,125-200
L00094,P0028,Creatinine,0.7,0.6-1.3
L00095,P0028,Cholesterol,222.2,125-200
L00096,P0028,Creatinine,0.6,0.6-1.3
L00097,P0029,Platelet Count,276815.0,"150,000-450,000"
L00098,P0029,Platelet Count,514125.0,"150,000-450,000"
L00099,P0030,Platelet Count,230775.0,"150,000-450,000"
L00100,P0030,WBC Count,9067.0,"4,000-11,000"
L00101,P0030,WBC Count,12098.0,"4,000-11,000"
L00102,P0031,TSH,2.3,0.4-4.0
L00103,P0031,Creatinine,1.4,0.6-1.3
L00104,P0031,WBC Count,7966.0,"4,000-11,000"
L00105,P0032,Platelet Count,532601.0,"150,000-450,000"
L00106,P0032,WBC Count,13489.0,"4,000-11,000"
L00107,P0033,Creatinine,1.4,0.6-1.3
L00108,P0033,CRP,32.1,0-5
L00109,P0033,Cholesterol,123.4,125-200
L00110,P0033,Platelet Count,536916.0,"150,000-450,000"
L00111,P0034,HbA1c,8.3,4.0-5.6
L00112,P0034,HbA1c,7.8,4.0-5.6
L00113,P0035,TSH,4.15,0.4-4.0
L00114,P0035,TSH,3.41,0.4-4.0
L00115,P0035,TSH,10.46,0.4-4.0
L00116,P0036,TSH,9.69,0.4-4.0
L00117,P0036,Glucose,99.0,70-100
L00118,P0036,Glucose,164.3,70-100
L00119,P0036,Cholesterol,205.2,125-200
L00120,P0037,Hemoglobin,13.8,12-16
L00121,P0037,HbA1c,11.5,4.0-5.6
L00122,P0037,Cholesterol,243.8,125-200
L00123,P0038,TSH,0.25,0.4-4.0
L00124,P0038,CRP,18.8,0-5
L00125,P0039,HbA1c,9.3,4.0-5.6
L00126,P0039,Creatinine,1.8,0.6-1.3
L00127,P0039,Hemoglobin,15.2,12-16
L00128,P0039,WBC Count,6518.0,"4,000-11,000"
L00129,P0040,Hemoglobin,12.1,12-16
L00130,P0040,Creatinine,1.4,0.6-1.3
L00131,P0040,TSH,0.63,0.4-4.0
L00132,P0040,Creatinine,2.6,0.6-1.3
L00133,P0041,HbA1c,6.0,4.0-5.6
L00134,P0041,Glucose,125.2,70-100
L00135,P0041,CRP,19.3,0-5
L00136,P0042,HbA1c,9.2,4.0-5.6
L00137,P0042,Cholesterol,228.0,125-200
L00138,P0042,TSH,7.34,0.4-4.0
L00139,P0042,Hemoglobin,13.8,12-16
L00140,P0043,Cholesterol,268.2,125-200
L00141,P0043,Platelet Count,317770.0,"150,000-450,000"
L00142,P0044,Hemoglobin,9.5,12-16
L00143,P0044,Glucose,163.5,70-100
L00144,P0044,HbA1c,8.5,4.0-5.6
L00145,P0044,CRP,26.4,0-5
L00146,P0045,Cholesterol,183.5,125-200
L00147,P0045,HbA1c,11.6,4.0-5.6
L00148,P0045,Cholesterol,154.1,125-200
L00149,P0045,Glucose,191.5,70-100
L00150,P0045,WBC Count,11191.0,"4,000-11,000"
L00151,P0046,Hemoglobin,15.8,12-16
L00152,P0046,Creatinine,2.0,0.6-1.3
L00153,P0047,Glucose,160.7,70-100
L00154,P0047,Platelet Count,466080.0,"150,000-450,000"
L00155,P0048,Platelet Count,221015.0,"150,000-450,000"
L00156,P0048,HbA1c,11.4,4.0-5.6
L00157,P0048,WBC Count,3483.0,"4,000-11,000"
L00158,P0049,CRP,9.9,0-5
L00159,P0049,Hemoglobin,16.1,12-16
L00160,P0049,HbA1c,7.0,4.0-5.6
L00161,P0049,Hemoglobin,16.7,12-16
L00162,P0050,Creatinine,0.7,0.6-1.3
L00163,P0050,Platelet Count,266067.0,"150,000-450,000"
L00164,P0050,Cholesterol,218.7,125-200
L00165,P0051,CRP,34.6,0-5
L00166,P0051,Platelet Count,461910.0,"150,000-450,000"
L00167,P0051,CRP,28.9,0-5
L00168,P0052,WBC Count,14256.0,"4,000-11,000"
L00169,P0052,Hemoglobin,12.3,12-16
L00170,P0053,Hemoglobin,10.2,12-16
L00171,P0053,Platelet Count,457817.0,"150,000-450,000"
L00172,P0053,CRP,7.9,0-5
L00173,P0053,Creatinine,1.6,0.6-1.3
L00174,P0053,HbA1c,10.3,4.0-5.6
L00175,P0054,WBC Count,12944.0,"4,000-11,000"
L00176,P0054,Creatinine,2.1,0.6-1.3
L00177,P0054,Creatinine,1.0,0.6-1.3
L00178,P0054,Hemoglobin,16.7,12-16
L00179,P0055,Glucose,205.5,70-100
L00180,P0055,Cholesterol,194.7,125-200
L00181,P0055,Glucose,59.5,70-100
L00182,P0055,Creatinine,1.8,0.6-1.3
L00183,P0055,Platelet Count,180794.0,"150,000-450,000"
L00184,P0056,CRP,1.6,0-5
L00185,P0056,HbA1c,10.5,4.0-5.6
L00186,P0056,TSH,8.69,0.4-4.0
L00187,P0057,Hemoglobin,13.1,12-16
L00188,P0057,HbA1c,5.6,4.0-5.6
L00189,P0057,HbA1c,8.7,4.0-5.6
L00190,P0058,Cholesterol,224.2,125-200
L00191,P0058,Glucose,200.0,70-100
L00192,P0058,CRP,22.7,0-5
L00193,P0059,Hemoglobin,10.2,12-16
L00194,P0059,TSH,8.4,0.4-4.0
L00195,P0060,Creatinine,3.0,0.6-1.3
L00196,P0060,HbA1c,6.1,4.0-5.6
L00197,P0061,Cholesterol,277.7,125-200
L00198,P0061,Platelet Count,332091.0,"150,000-450,000"
L00199,P0061,Cholesterol,208.7,125-200
L00200,P0062,Hemoglobin,12.8,12-16
L00201,P0062,WBC Count,15235.0,"4,000-11,000"
L00202,P0063,Glucose,186.9,70-100
L00203,P0063,Hemoglobin,10.5,12-16
L00204,P0063,CRP,29.9,0-5
L00205,P0063,CRP,25.0,0-5
L00206,P0063,Hemoglobin,18.0,12-16
L00207,P0064,HbA1c,11.1,4.0-5.6
L00208,P0064,Cholesterol,216.0,125-200
L00209,P0064,Glucose,138.1,70-100
L00210,P0064,Platelet Count,390488.0,"150,000-450,000"
L00211,P0064,Creatinine,1.3,0.6-1.3
L00212,P0065,WBC Count,9944.0,"4,000-11,000"
L00213,P0065,Glucose,90.2,70-100
L00214,P0066,WBC Count,15453.0,"4,000-11,000"
L00215,P0066,HbA1c,5.0,4.0-5.6
L00216,P0066,Glucose,186.1,70-100
L00217,P0066,Creatinine,2.8,0.6-1.3
L00218,P0067,Platelet Count,357451.0,"150,000-450,000"
L00219,P0067,Hemoglobin,8.9,12-16
L00220,P0067,HbA1c,9.8,4.0-5.6
L00221,P0068,TSH,11.64,0.4-4.0
L00222,P0068,Glucose,211.5,70-100
L00223,P0068,Hemoglobin,12.5,12-16
L00224,P0068,Cholesterol,124.8,125-200
L00225,P0068,Platelet Count,110220.0,"150,000-450,000"
L00226,P0069,Glucose,94.6,70-100
L00227,P0069,HbA1c,5.2,4.0-5.6
L00228,P0069,TSH,1.67,0.4-4.0
L00229,P0069,CRP,21.5,0-5
L00230,P0070,Cholesterol,126.7,125-200
L00231,P0070,WBC Count,13501.0,"4,000-11,000"
L00232,P0070,Cholesterol,182.4,125-200
L00233,P0070,Creatinine,1.9,0.6-1.3
L00234,P0070,HbA1c,4.1,4.0-5.6
L00235,P0071,Cholesterol,142.7,125-200
L00236,P0071,Glucose,67.7,70-100
L00237,P0072,HbA1c,8.0,4.0-5.6
L00238,P0072,Platelet Count,193914.0,"150,000-450,000"
L00239,P0072,TSH,2.4,0.4-4.0
L00240,P0072,CRP,14.6,0-5
L00241,P0072,Hemoglobin,8.5,12-16
L00242,P0073,WBC Count,8382.0,"4,000-11,000"
L00243,P0073,TSH,1.74,0.4-4.0
L00244,P0074,Platelet Count,108017.0,"150,000-450,000"
L00245,P0074,CRP,11.0,0-5
L00246,P0074,CRP,5.4,0-5
L00247,P0075,Platelet Count,260780.0,"150,000-450,000"
L00248,P0075,WBC Count,14638.0,"4,000-11,000"
L00249,P0075,Hemoglobin,9.0,12-16
L00250,P0075,CRP,17.6,0-5
L00251,P0075,CRP,29.0,0-5
L00252,P0076,Creatinine,2.5,0.6-1.3
L00253,P0076,HbA1c,7.2,4.0-5.6
L00254,P0076,Hemoglobin,17.6,12-16
L00255,P0076,Cholesterol,162.4,125-200
L00256,P0076,Creatinine,1.2,0.6-1.3
L00257,P0077,Hemoglobin,14.9,12-16
L00258,P0077,Hemoglobin,13.7,12-16
L00259,P0077,Hemoglobin,16.3,12-16
L00260,P0077,Glucose,172.0,70-100
L00261,P0077,CRP,34.5,0-5
L00262,P0078,HbA1c,8.2,4.0-5.6
L00263,P0078,HbA1c,6.7,4.0-5.6
L00264,P0079,Hemoglobin,10.8,12-16
L00265,P0079,TSH,8.99,0.4-4.0
L00266,P0079,Creatinine,1.5,0.6-1.3
L00267,P0079,TSH,11.71,0.4-4.0
L00268,P0080,Cholesterol,112.6,125-200
L00269,P0080,HbA1c,7.2,4.0-5.6
L00270,P0080,HbA1c,10.1,4.0-5.6
L00271,P0080,Creatinine,1.3,0.6-1.3
L00272,P0080,CRP,34.6,0-5
L00273,P0081,Creatinine,1.5,0.6-1.3
L00274,P0081,Creatinine,2.7,0.6-1.3
L00275,P0081,Platelet Count,176864.0,"150,000-450,000"
L00276,P0081,HbA1c,7.8,4.0-5.6
L00277,P0081,CRP,29.3,0-5
L00278,P0082,Hemoglobin,11.0,12-16
L00279,P0082,Platelet Count,535358.0,"150,000-450,000"
L00280,P0083,TSH,4.63,0.4-4.0
L00281,P0083,WBC Count,14868.0,"4,000-11,000"
L00282,P0083,TSH,3.91,0.4-4.0
L00283,P0083,Platelet Count,167938.0,"150,000-450,000"
L00284,P0083,CRP,8.2,0-5
L00285,P0084,Hemoglobin,8.6,12-16
L00286,P0084,WBC Count,5781.0,"4,000-11,000"
L00287,P0084,Hemoglobin,17.2,12-16
L00288,P0085,TSH,4.37,0.4-4.0
L00289,P0085,WBC Count,6886.0,"4,000-11,000"
L00290,P0085,Platelet Count,472790.0,"150,000-450,000"
L00291,P0085,CRP,18.6,0-5
L00292,P0085,Hemoglobin,14.0,12-16
L00293,P0086,HbA1c,5.0,4.0-5.6
L00294,P0086,TSH,6.77,0.4-4.0
L00295,P0086,Hemoglobin,8.3,12-16
L00296,P0087,CRP,14.0,0-5
L00297,P0087,Creatinine,0.6,0.6-1.3
L00298,P0087,Cholesterol,288.4,125-200
L00299,P0087,CRP,17.5,0-5
L00300,P0088,TSH,1.5,0.4-4.0
L00301,P0088,CRP,27.3,0-5
L00302,P0088,Platelet Count,297632.0,"150,000-450,000"
L00303,P0088,Creatinine,1.7,0.6-1.3
L00304,P0089,Hemoglobin,17.9,12-16
L00305,P0089,WBC Count,14199.0,"4,000-11,000"
L00306,P0090,TSH,0.66,0.4-4.0
L00307,P0090,WBC Count,3008.0,"4,000-11,000"
L00308,P0090,Creatinine,0.6,0.6-1.3
L00309,P0091,Glucose,208.4,70-100
L00310,P0091,Platelet Count,258413.0,"150,000-450,000"
L00311,P0091,Glucose,75.7,70-100
L00312,P0092,Creatinine,2.1,0.6-1.3
L00313,P0092,Hemoglobin,11.0,12-16
L00314,P0092,Creatinine,1.7,0.6-1.3
L00315,P0092,Glucose,200.6,70-100
L00316,P0092,CRP,30.8,0-5
L00317,P0093,Glucose,59.6,70-100
L00318,P0093,Cholesterol,172.5,125-200
L00319,P0093,Creatinine,1.4,0.6-1.3
L00320,P0094,Platelet Count,131193.0,"150,000-450,000"
L00321,P0094,Glucose,128.0,70-100
L00322,P0094,Glucose,125.7,70-100
L00323,P0095,TSH,7.74,0.4-4.0
L00324,P0095,Cholesterol,132.8,125-200
L00325,P0095,CRP,5.7,0-5
L00326,P0096,Platelet Count,91287.0,"150,000-450,000"
L00327,P0096,CRP,24.4,0-5
L00328,P0097,Glucose,182.5,70-100
L00329,P0097,Creatinine,2.9,0.6-1.3
L00330,P0097,Hemoglobin,9.2,12-16
L00331,P0098,Cholesterol,144.4,125-200
L00332,P0098,Creatinine,1.8,0.6-1.3
L00333,P0098,CRP,32.1,0-5
L00334,P0098,Creatinine,0.4,0.6-1.3
L00335,P0099,CRP,19.4,0-5
L00336,P0099,WBC Count,6190.0,"4,000-11,000"
L00337,P0099,Cholesterol,156.2,125-200
L00338,P0100,TSH,6.49,0.4-4.0
L00339,P0100,CRP,2.3,0-5
L00340,P0101,WBC Count,6608.0,"4,000-11,000"
L00341,P0101,Platelet Count,446635.0,"150,000-450,000"
L00342,P0102,Glucose,74.4,70-100
L00343,P0102,Creatinine,1.5,0.6-1.3
L00344,P0103,HbA1c,9.4,4.0-5.6
L00345,P0103,HbA1c,9.0,4.0-5.6
L00346,P0104,Hemoglobin,13.0,12-16
L00347,P0104,Creatinine,1.1,0.6-1.3
L00348,P0105,Hemoglobin,16.2,12-16
L00349,P0105,TSH,9.87,0.4-4.0
L00350,P0105,Platelet Count,493371.0,"150,000-450,000"
L00351,P0105,Platelet Count,87999.0,"150,000-450,000"
L00352,P0105,Platelet Count,426099.0,"150,000-450,000"
L00353,P0106,Glucose,193.3,70-100
L00354,P0106,Creatinine,2.6,0.6-1.3
L00355,P0106,CRP,11.1,0-5
L00356,P0107,WBC Count,7980.0,"4,000-11,000"
L00357,P0107,Creatinine,2.5,0.6-1.3
L00358,P0107,Platelet Count,500599.0,"150,000-450,000"
L00359,P0108,HbA1c,4.4,4.0-5.6
L00360,P0108,Hemoglobin,12.1,12-16
L00361,P0108,Cholesterol,213.5,125-200
L00362,P0108,Hemoglobin,13.5,12-16
L00363,P0109,Platelet Count,92709.0,"150,000-450,000"
L00364,P0109,Platelet Count,537867.0,"150,000-450,000"
L00365,P0110,CRP,31.0,0-5
L00366,P0110,Hemoglobin,12.7,12-16
L00367,P0110,Cholesterol,248.9,125-200
L00368,P0111,Glucose,117.3,70-100
L00369,P0111,Cholesterol,147.9,125-200
L00370,P0112,Creatinine,1.3,0.6-1.3
L00371,P0112,TSH,8.61,0.4-4.0
L00372,P0112,CRP,24.5,0-5
L00373,P0112,Cholesterol,205.6,125-200
L00374,P0112,Platelet Count,294666.0,"150,000-450,000"
L00375,P0113,TSH,7.94,0.4-4.0
L00376,P0113,TSH,0.19,0.4-4.0
L00377,P0113,Platelet Count,170661.0,"150,000-450,000"
L00378,P0113,Hemoglobin,10.7,12-16
L00379,P0113,Glucose,151.0,70-100
L00380,P0114,Hemoglobin,17.9,12-16
L00381,P0114,Cholesterol,123.5,125-200
L00382,P0114,Cholesterol,227.9,125-200
L00383,P0114,WBC Count,8212.0,"4,000-11,000"
L00384,P0115,Cholesterol,197.2,125-200
L00385,P0115,Glucose,136.6,70-100
L00386,P0115,Cholesterol,183.0,125-200
L00387,P0116,TSH,2.12,0.4-4.0
L00388,P0116,HbA1c,4.3,4.0-5.6
L00389,P0117,Cholesterol,181.5,125-200
L00390,P0117,Platelet Count,391799.0,"150,000-450,000"
L00391,P0117,TSH,8.08,0.4-4.0
L00392,P0118,Platelet Count,368750.0,"150,000-450,000"
L00393,P0118,Creatinine,3.0,0.6-1.3
L00394,P0118,Hemoglobin,11.7,12-16
L00395,P0119,HbA1c,6.3,4.0-5.6
L00396,P0119,TSH,10.97,0.4-4.0
L00397,P0119,HbA1c,5.0,4.0-5.6
L00398,P0119,Hemoglobin,12.8,12-16
L00399,P0119,Creatinine,1.6,0.6-1.3
L00400,P0120,Creatinine,1.6,0.6-1.3
L00401,P0120,Hemoglobin,17.9,12-16
L00402,P0120,Hemoglobin,10.3,12-16
L00403,P0120,Glucose,87.6,70-100
L00404,P0121,HbA1c,9.7,4.0-5.6
L00405,P0121,WBC Count,9208.0,"4,000-11,000"
L00406,P0121,Creatinine,0.8,0.6-1.3
L00407,P0121,Hemoglobin,11.2,12-16
L00408,P0122,CRP,12.6,0-5
L00409,P0122,HbA1c,10.3,4.0-5.6
L00410,P0122,WBC Count,9277.0,"4,000-11,000"
L00411,P0122,Creatinine,2.3,0.6-1.3
L00412,P0123,TSH,11.99,0.4-4.0
L00413,P0123,Glucose,84.4,70-100
L00414,P0123,Creatinine,2.7,0.6-1.3
L00415,P0123,HbA1c,5.1,4.0-5.6
L00416,P0124,WBC Count,13324.0,"4,000-11,000"
L00417,P0124,Creatinine,1.3,0.6-1.3
L00418,P0125,Hemoglobin,11.9,12-16
L00419,P0125,WBC Count,3951.0,"4,000-11,000"
L00420,P0125,Cholesterol,255.9,125-200
L00421,P0126,WBC Count,7285.0,"4,000-11,000"
L00422,P0126,HbA1c,5.7,4.0-5.6
L00423,P0126,Glucose,138.0,70-100
L00424,P0127,HbA1c,7.1,4.0-5.6
L00425,P0127,TSH,8.38,0.4-4.0
L00426,P0127,TSH,1.14,0.4-4.0
L00427,P0128,Creatinine,0.6,0.6-1.3
L00428,P0128,TSH,0.63,0.4-4.0
L00429,P0128,TSH,2.41,0.4-4.0
L00430,P0128,Creatinine,2.8,0.6-1.3
L00431,P0128,Creatinine,2.3,0.6-1.3
L00432,P0129,TSH,3.79,0.4-4.0
L00433,P0129,HbA1c,11.2,4.0-5.6
L00434,P0129,TSH,2.54,0.4-4.0
L00435,P0130,WBC Count,5050.0,"4,000-11,000"
L00436,P0130,WBC Count,8751.0,"4,000-11,000"
L00437,P0130,Creatinine,2.3,0.6-1.3
L00438,P0130,WBC Count,5321.0,"4,000-11,000"
L00439,P0130,CRP,10.7,0-5
L00440,P0131,TSH,3.58,0.4-4.0
L00441,P0131,Creatinine,1.3,0.6-1.3
L00442,P0132,Creatinine,0.5,0.6-1.3
L00443,P0132,Platelet Count,419049.0,"150,000-450,000"
L00444,P0132,Cholesterol,236.6,125-200
L00445,P0133,CRP,24.7,0-5
L00446,P0133,Glucose,80.5,70-100
L00447,P0133,Cholesterol,137.0,125-200
L00448,P0133,Glucose,74.5,70-100
L00449,P0134,Cholesterol,181.7,125-200
L00450,P0134,Glucose,218.9,70-100
L00451,P0134,Platelet Count,172314.0,"150,000-450,000"
L00452,P0134,HbA1c,6.7,4.0-5.6
L00453,P0134,Glucose,118.0,70-100
L00454,P0135,Platelet Count,422564.0,"150,000-450,000"
L00455,P0135,Glucose,188.5,70-100
L00456,P0136,TSH,3.54,0.4-4.0
L00457,P0136,TSH,2.42,0.4-4.0
L00458,P0136,WBC Count,2545.0,"4,000-11,000"
L00459,P0136,CRP,1.4,0-5
L00460,P0137,Creatinine,0.4,0.6-1.3
L00461,P0137,CRP,22.2,0-5
L00462,P0138,Creatinine,1.9,0.6-1.3
L00463,P0138,CRP,12.2,0-5
L00464,P0138,TSH,0.55,0.4-4.0
L00465,P0139,TSH,5.15,0.4-4.0
L00466,P0139,CRP,15.7,0-5
L00467,P0139,Creatinine,0.9,0.6-1.3
L00468,P0139,TSH,10.08,0.4-4.0
L00469,P0140,CRP,0.4,0-5
L00470,P0140,TSH,4.04,0.4-4.0
L00471,P0141,Glucose,86.4,70-100
L00472,P0141,TSH,0.26,0.4-4.0
L00473,P0141,WBC Count,7662.0,"4,000-11,000"
L00474,P0142,TSH,6.64,0.4-4.0
L00475,P0142,Creatinine,1.0,0.6-1.3
L00476,P0142,Creatinine,2.4,0.6-1.3
L00477,P0142,Platelet Count,387300.0,"150,000-450,000"
L00478,P0143,Glucose,212.0,70-100
L00479,P0143,HbA1c,8.1,4.0-5.6
L00480,P0143,WBC Count,14563.0,"4,000-11,000"
L00481,P0143,Platelet Count,465847.0,"150,000-450,000"
L00482,P0143,Glucose,153.3,70-100
L00483,P0144,Creatinine,1.0,0.6-1.3
L00484,P0144,HbA1c,9.8,4.0-5.6
L00485,P0144,Platelet Count,469219.0,"150,000-450,000"
L00486,P0144,CRP,6.3,0-5
L00487,P0145,WBC Count,12597.0,"4,000-11,000"
L00488,P0145,CRP,16.6,0-5
L00489,P0146,Platelet Count,106339.0,"150,000-450,000"
L00490,P0146,Hemoglobin,13.0,12-16
L00491,P0147,Cholesterol,104.7,125-200
L00492,P0147,Glucose,89.3,70-100
L00493,P0148,Hemoglobin,8.5,12-16
L00494,P0148,Glucose,88.5,70-100
L00495,P0148,Glucose,142.6,70-100
L00496,P0148,TSH,8.09,0.4-4.0
L00497,P0148,Creatinine,0.9,0.6-1.3
L00498,P0149,TSH,6.4,0.4-4.0
L00499,P0149,Glucose,216.9,70-100
L00500,P0149,Cholesterol,278.6,125-200
L00501,P0149,CRP,32.8,0-5
L00502,P0150,HbA1c,7.5,4.0-5.6
L00503,P0150,HbA1c,8.5,4.0-5.6
L00504,P0151,WBC Count,2572.0,"4,000-11,000"
L00505,P0151,Creatinine,0.9,0.6-1.3
L00506,P0152,Creatinine,0.5,0.6-1.3
L00507,P0152,TSH,3.16,0.4-4.0
L00508,P0152,Cholesterol,211.8,125-200
L00509,P0153,WBC Count,12834.0,"4,000-11,000"
L00510,P0153,Glucose,71.8,70-100
L00511,P0153,Platelet Count,85575.0,"150,000-450,000"
L00512,P0153,TSH,9.8,0.4-4.0
L00513,P0153,CRP,34.5,0-5
L00514,P0154,Glucose,87.4,70-100
L00515,P0154,WBC Count,11363.0,"4,000-11,000"
L00516,P0155,Cholesterol,229.1,125-200
L00517,P0155,CRP,8.1,0-5
L00518,P0155,Cholesterol,297.4,125-200
L00519,P0155,Glucose,206.6,70-100
L00520,P0156,CRP,23.9,0-5
L00521,P0156,CRP,16.6,0-5
L00522,P0156,Glucose,61.6,70-100
L00523,P0157,CRP,0.5,0-5
L00524,P0157,TSH,10.84,0.4-4.0
L00525,P0157,CRP,34.7,0-5
L00526,P0158,Cholesterol,289.6,125-200
L00527,P0158,Glucose,72.3,70-100
L00528,P0158,TSH,5.33,0.4-4.0
L00529,P0158,CRP,6.1,0-5
L00530,P0158,Platelet Count,265831.0,"150,000-450,000"
L00531,P0159,Hemoglobin,10.9,12-16
L00532,P0159,WBC Count,6796.0,"4,000-11,000"
L00533,P0159,Glucose,156.2,70-100
L00534,P0159,CRP,4.3,0-5
L00535,P0160,Glucose,160.7,70-100
L00536,P0160,TSH,7.36,0.4-4.0
L00537,P0160,Hemoglobin,8.8,12-16
L00538,P0160,Creatinine,1.3,0.6-1.3
L00539,P0160,Platelet Count,340514.0,"150,000-450,000"
L00540,P0161,HbA1c,11.1,4.0-5.6
L00541,P0161,HbA1c,7.6,4.0-5.6
L00542,P0161,HbA1c,6.4,4.0-5.6
L00543,P0162,Cholesterol,224.8,125-200
L00544,P0162,Cholesterol,184.3,125-200
L00545,P0162,Glucose,97.5,70-100
L00546,P0163,Creatinine,1.6,0.6-1.3
L00547,P0163,HbA1c,9.3,4.0-5.6
L00548,P0163,TSH,9.47,0.4-4.0
L00549,P0163,HbA1c,6.4,4.0-5.6
L00550,P0164,Creatinine,2.1,0.6-1.3
L00551,P0164,Platelet Count,156371.0,"150,000-450,000"
L00552,P0164,HbA1c,7.7,4.0-5.6
L00553,P0164,Platelet Count,168444.0,"150,000-450,000"
L00554,P0165,CRP,13.1,0-5
L00555,P0165,Hemoglobin,11.8,12-16
L00556,P0165,TSH,11.25,0.4-4.0
L00557,P0165,Glucose,182.8,70-100
L00558,P0166,Hemoglobin,10.9,12-16
L00559,P0166,HbA1c,7.6,4.0-5.6
L00560,P0166,Hemoglobin,9.3,12-16
L00561,P0166,Glucose,77.2,70-100
L00562,P0167,HbA1c,7.8,4.0-5.6
L00563,P0167,HbA1c,10.0,4.0-5.6
L00564,P0167,WBC Count,12615.0,"4,000-11,000"
L00565,P0167,CRP,33.1,0-5
L00566,P0168,WBC Count,4002.0,"4,000-11,000"
L00567,P0168,Hemoglobin,17.2,12-16
L00568,P0168,WBC Count,14795.0,"4,000-11,000"
L00569,P0168,HbA1c,7.9,4.0-5.6
L00570,P0168,TSH,7.33,0.4-4.0
L00571,P0169,Hemoglobin,9.0,12-16
L00572,P0169,Platelet Count,209309.0,"150,000-450,000"
L00573,P0169,TSH,4.0,0.4-4.0
L00574,P0169,CRP,29.5,0-5
L00575,P0169,Hemoglobin,12.3,12-16
L00576,P0170,Creatinine,1.8,0.6-1.3
L00577,P0170,TSH,9.46,0.4-4.0
L00578,P0170,Glucose,146.3,70-100
L00579,P0170,Creatinine,2.1,0.6-1.3
L00580,P0170,TSH,2.24,0.4-4.0
L00581,P0171,Glucose,141.4,70-100
L00582,P0171,CRP,10.4,0-5
L00583,P0171,WBC Count,14593.0,"4,000-11,000"
L00584,P0172,Platelet Count,443564.0,"150,000-450,000"
L00585,P0172,Glucose,213.4,70-100
L00586,P0172,TSH,6.62,0.4-4.0
L00587,P0172,Hemoglobin,12.9,12-16
L00588,P0173,TSH,4.74,0.4-4.0
L00589,P0173,TSH,0.94,0.4-4.0
L00590,P0173,Hemoglobin,9.9,12-16
L00591,P0173,CRP,15.6,0-5
L00592,P0174,Platelet Count,92985.0,"150,000-450,000"
L00593,P0174,CRP,28.7,0-5
L00594,P0174,HbA1c,4.9,4.0-5.6
L00595,P0174,HbA1c,10.0,4.0-5.6
L00596,P0174,Platelet Count,324638.0,"150,000-450,000"
L00597,P0175,TSH,8.55,0.4-4.0
L00598,P0175,Platelet Count,326027.0,"150,000-450,000"
L00599,P0175,CRP,32.3,0-5
L00600,P0175,Glucose,63.8,70-100
L00601,P0175,CRP,30.3,0-5
L00602,P0176,Cholesterol,285.6,125-200
L00603,P0176,WBC Count,9729.0,"4,000-11,000"
L00604,P0176,Platelet Count,213519.0,"150,000-450,000"
L00605,P0177,TSH,9.66,0.4-4.0
L00606,P0177,WBC Count,13747.0,"4,000-11,000"
L00607,P0177,TSH,1.09,0.4-4.0
L00608,P0177,Creatinine,1.5,0.6-1.3
L00609,P0178,Platelet Count,104557.0,"150,000-450,000"
L00610,P0178,Cholesterol,215.4,125-200
L00611,P0178,WBC Count,3462.0,"4,000-11,000"
L00612,P0178,Platelet Count,534816.0,"150,000-450,000"
L00613,P0178,WBC Count,11426.0,"4,000-11,000"
L00614,P0179,Creatinine,1.0,0.6-1.3
L00615,P0179,Creatinine,0.8,0.6-1.3
L00616,P0179,CRP,0.8,0-5
L00617,P0179,Creatinine,0.6,0.6-1.3
L00618,P0179,Cholesterol,126.1,125-200
L00619,P0180,Creatinine,2.0,0.6-1.3
L00620,P0180,HbA1c,6.2,4.0-5.6
L00621,P0180,Glucose,80.5,70-100
L00622,P0180,Platelet Count,309253.0,"150,000-450,000"
L00623,P0180,Cholesterol,116.3,125-200
L00624,P0181,Creatinine,1.8,0.6-1.3
L00625,P0181,Creatinine,1.9,0.6-1.3
L00626,P0181,Glucose,170.1,70-100
L00627,P0182,Creatinine,2.7,0.6-1.3
L00628,P0182,Glucose,65.3,70-100
L00629,P0182,Glucose,205.8,70-100
L00630,P0182,Cholesterol,230.2,125-200
L00631,P0182,TSH,11.73,0.4-4.0
L00632,P0183,Cholesterol,127.4,125-200
L00633,P0183,Creatinine,0.6,0.6-1.3
L00634,P0183,HbA1c,11.0,4.0-5.6
L00635,P0183,Hemoglobin,9.8,12-16
L00636,P0184,Glucose,73.6,70-100
L00637,P0184,Glucose,189.3,70-100
L00638,P0184,HbA1c,10.0,4.0-5.6
L00639,P0184,HbA1c,8.3,4.0-5.6
L00640,P0185,WBC Count,2870.0,"4,000-11,000"
L00641,P0185,CRP,13.6,0-5
L00642,P0185,WBC Count,12275.0,"4,000-11,000"
L00643,P0186,HbA1c,5.7,4.0-5.6
L00644,P0186,Cholesterol,189.9,125-200
L00645,P0186,HbA1c,7.4,4.0-5.6
L00646,P0186,WBC Count,12495.0,"4,000-11,000"
L00647,P0186,Glucose,128.4,70-100
L00648,P0187,Cholesterol,138.9,125-200
L00649,P0187,Hemoglobin,11.8,12-16
L00650,P0188,Cholesterol,272.5,125-200
L00651,P0188,Platelet Count,527198.0,"150,000-450,000"
L00652,P0188,Cholesterol,177.0,125-200
L00653,P0188,Platelet Count,500454.0,"150,000-450,000"
L00654,P0188,Platelet Count,445231.0,"150,000-450,000"
L00655,P0189,HbA1c,5.6,4.0-5.6
L00656,P0189,WBC Count,15118.0,"4,000-11,000"
L00657,P0189,Hemoglobin,9.1,12-16
L00658,P0190,Glucose,181.4,70-100
L00659,P0190,Platelet Count,269507.0,"150,000-450,000"
L00660,P0190,HbA1c,5.8,4.0-5.6
L00661,P0190,Platelet Count,490769.0,"150,000-450,000"
L00662,P0191,CRP,17.7,0-5
L00663,P0191,CRP,20.8,0-5
L00664,P0191,TSH,5.75,0.4-4.0
L00665,P0192,Hemoglobin,11.5,12-16
L00666,P0192,Creatinine,2.2,0.6-1.3
L00667,P0193,Cholesterol,129.4,125-200
L00668,P0193,Hemoglobin,11.1,12-16
L00669,P0193,Creatinine,0.7,0.6-1.3
L00670,P0193,CRP,0.9,0-5
L00671,P0194,Platelet Count,454073.0,"150,000-450,000"
L00672,P0194,CRP,27.5,0-5
L00673,P0194,WBC Count,15125.0,"4,000-11,000"
L00674,P0194,Glucose,179.9,70-100
L00675,P0195,Platelet Count,471413.0,"150,000-450,000"
L00676,P0195,WBC Count,11263.0,"4,000-11,000"
L00677,P0195,Hemoglobin,16.2,12-16
L00678,P0195,Cholesterol,120.6,125-200
L00679,P0195,Cholesterol,128.2,125-200
L00680,P0196,Glucose,66.6,70-100
L00681,P0196,Platelet Count,397215.0,"150,000-450,000"
L00682,P0197,Hemoglobin,10.8,12-16
L00683,P0197,Creatinine,1.4,0.6-1.3
L00684,P0197,Glucose,87.0,70-100
L00685,P0197,Cholesterol,137.0,125-200
L00686,P0197,Platelet Count,371558.0,"150,000-450,000"
L00687,P0198,TSH,6.21,0.4-4.0
L00688,P0198,CRP,28.0,0-5
L00689,P0198,Platelet Count,317203.0,"150,000-450,000"
L00690,P0198,WBC Count,12858.0,"4,000-11,000"
L00691,P0198,Platelet Count,453849.0,"150,000-450,000"
L00692,P0199,Creatinine,1.8,0.6-1.3
L00693,P0199,WBC Count,7233.0,"4,000-11,000"
L00694,P0199,CRP,7.4,0-5
L00695,P0199,HbA1c,11.4,4.0-5.6
L00696,P0199,HbA1c,5.7,4.0-5.6
L00697,P0200,CRP,23.6,0-5
L00698,P0200,Creatinine,0.7,0.6-1.3
L00699,P0200,Platelet Count,547460.0,"150,000-450,000"
L00700,P0201,WBC Count,4057.0,"4,000-11,000"
L00701,P0201,TSH,11.26,0.4-4.0
L00702,P0202,Platelet Count,241580.0,"150,000-450,000"
L00703,P0202,Platelet Count,98660.0,"150,000-450,000"
L00704,P0202,Creatinine,2.0,0.6-1.3
L00705,P0202,Cholesterol,126.5,125-200
L00706,P0203,Cholesterol,232.9,125-200
L00707,P0203,WBC Count,7642.0,"4,000-11,000"
L00708,P0203,TSH,11.35,0.4-4.0
L00709,P0203,WBC Count,8031.0,"4,000-11,000"
L00710,P0204,Glucose,68.2,70-100
L00711,P0204,Cholesterol,278.4,125-200
L00712,P0204,Glucose,86.4,70-100
L00713,P0205,Creatinine,1.6,0.6-1.3
L00714,P0205,Glucose,170.7,70-100
L00715,P0206,Cholesterol,246.4,125-200
L00716,P0206,HbA1c,7.5,4.0-5.6
L00717,P0207,Platelet Count,447307.0,"150,000-450,000"
L00718,P0207,Glucose,200.9,70-100
L00719,P0207,Glucose,55.1,70-100
L00720,P0208,WBC Count,15255.0,"4,000-11,000"
L00721,P0208,Creatinine,3.0,0.6-1.3
L00722,P0208,Glucose,108.8,70-100
L00723,P0208,WBC Count,7932.0,"4,000-11,000"
L00724,P0208,CRP,30.2,0-5
L00725,P0209,HbA1c,10.4,4.0-5.6
L00726,P0209,Creatinine,2.1,0.6-1.3
L00727,P0209,TSH,8.8,0.4-4.0
L00728,P0209,Glucose,190.2,70-100
L00729,P0209,Hemoglobin,14.8,12-16
L00730,P0210,CRP,31.1,0-5
L00731,P0210,TSH,0.75,0.4-4.0
L00732,P0210,Hemoglobin,10.5,12-16
L00733,P0210,CRP,13.3,0-5
L00734,P0211,Cholesterol,209.2,125-200
L00735,P0211,HbA1c,8.8,4.0-5.6
L00736,P0211,CRP,34.8,0-5
L00737,P0211,Creatinine,1.6,0.6-1.3
L00738,P0211,HbA1c,11.5,4.0-5.6
L00739,P0212,Hemoglobin,16.6,12-16
L00740,P0212,CRP,16.6,0-5
L00741,P0212,Platelet Count,462098.0,"150,000-450,000"
L00742,P0212,Creatinine,1.9,0.6-1.3
L00743,P0212,TSH,8.87,0.4-4.0
L00744,P0213,Hemoglobin,13.3,12-16
L00745,P0213,Creatinine,0.8,0.6-1.3
L00746,P0213,Glucose,172.0,70-100
L00747,P0213,Cholesterol,201.7,125-200
L00748,P0213,Platelet Count,209469.0,"150,000-450,000"
L00749,P0214,Platelet Count,507394.0,"150,000-450,000"
L00750,P0214,Cholesterol,111.7,125-200
L00751,P0214,Cholesterol,193.5,125-200
L00752,P0214,Creatinine,1.4,0.6-1.3
L00753,P0215,TSH,4.72,0.4-4.0
L00754,P0215,Cholesterol,203.8,125-200
L00755,P0215,Creatinine,2.5,0.6-1.3
L00756,P0215,Platelet Count,534444.0,"150,000-450,000"
L00757,P0216,Cholesterol,243.7,125-200
L00758,P0216,Cholesterol,113.9,125-200
L00759,P0216,Hemoglobin,12.4,12-16
L00760,P0217,Hemoglobin,9.8,12-16
L00761,P0217,Hemoglobin,8.1,12-16
L00762,P0217,HbA1c,10.3,4.0-5.6
L00763,P0217,CRP,16.0,0-5
L00764,P0218,Creatinine,2.8,0.6-1.3
L00765,P0218,Platelet Count,456176.0,"150,000-450,000"
L00766,P0218,HbA1c,11.5,4.0-5.6
L00767,P0218,WBC Count,3326.0,"4,000-11,000"
L00768,P0219,Glucose,80.7,70-100
L00769,P0219,HbA1c,8.2,4.0-5.6
L00770,P0219,Platelet Count,294030.0,"150,000-450,000"
L00771,P0220,Creatinine,2.6,0.6-1.3
L00772,P0220,HbA1c,8.4,4.0-5.6
L00773,P0220,Hemoglobin,8.6,12-16
L00774,P0220,HbA1c,6.7,4.0-5.6
L00775,P0221,CRP,16.1,0-5
L00776,P0221,Platelet Count,243279.0,"150,000-450,000"
L00777,P0221,Glucose,125.9,70-100
L00778,P0222,CRP,12.6,0-5
L00779,P0222,HbA1c,4.3,4.0-5.6
L00780,P0222,CRP,24.0,0-5
L00781,P0223,Glucose,92.2,70-100
L00782,P0223,TSH,0.1,0.4-4.0
L00783,P0224,WBC Count,8438.0,"4,000-11,000"
L00784,P0224,WBC Count,15379.0,"4,000-11,000"
L00785,P0224,CRP,15.5,0-5
L00786,P0225,Cholesterol,177.9,125-200
L00787,P0225,Cholesterol,191.1,125-200
L00788,P0225,WBC Count,3001.0,"4,000-11,000"
L00789,P0226,Cholesterol,228.7,125-200
L00790,P0226,CRP,6.2,0-5
L00791,P0226,Creatinine,1.8,0.6-1.3
L00792,P0226,Creatinine,2.5,0.6-1.3
L00793,P0227,WBC Count,5332.0,"4,000-11,000"
L00794,P0227,Platelet Count,460905.0,"150,000-450,000"
L00795,P0227,Glucose,182.5,70-100
L00796,P0227,Cholesterol,171.7,125-200
L00797,P0228,Glucose,207.8,70-100
L00798,P0228,Glucose,101.4,70-100
L00799,P0228,Platelet Count,407751.0,"150,000-450,000"
L00800,P0228,WBC Count,6252.0,"4,000-11,000"
L00801,P0229,Hemoglobin,11.1,12-16
L00802,P0229,Glucose,185.9,70-100
L00803,P0230,Cholesterol,199.2,125-200
L00804,P0230,CRP,31.5,0-5
L00805,P0231,Cholesterol,296.9,125-200
L00806,P0231,Creatinine,1.5,0.6-1.3
L00807,P0231,Creatinine,0.4,0.6-1.3
L00808,P0231,HbA1c,11.5,4.0-5.6
L00809,P0231,Glucose,171.2,70-100
L00810,P0232,Glucose,111.0,70-100
L00811,P0232,TSH,4.01,0.4-4.0
L00812,P0232,CRP,33.9,0-5
L00813,P0233,Hemoglobin,12.2,12-16
L00814,P0233,Creatinine,1.5,0.6-1.3
L00815,P0234,Cholesterol,218.0,125-200
L00816,P0234,Creatinine,2.7,0.6-1.3
L00817,P0235,Glucose,81.9,70-100
L00818,P0235,Platelet Count,213305.0,"150,000-450,000"
L00819,P0235,WBC Count,6380.0,"4,000-11,000"
L00820,P0236,WBC Count,10688.0,"4,000-11,000"
L00821,P0236,CRP,3.8,0-5
L00822,P0236,Platelet Count,80485.0,"150,000-450,000"
L00823,P0237,CRP,25.1,0-5
L00824,P0237,HbA1c,10.0,4.0-5.6
L00825,P0237,Creatinine,2.2,0.6-1.3
L00826,P0237,Cholesterol,232.1,125-200
L00827,P0238,CRP,6.3,0-5
L00828,P0238,Cholesterol,110.0,125-200
L00829,P0238,Hemoglobin,17.6,12-16
L00830,P0238,Creatinine,1.8,0.6-1.3
L00831,P0239,Glucose,136.6,70-100
L00832,P0239,Cholesterol,262.0,125-200
L00833,P0239,Glucose,152.8,70-100
L00834,P0239,Glucose,71.7,70-100
L00835,P0239,Glucose,99.4,70-100
L00836,P0240,Creatinine,2.9,0.6-1.3
L00837,P0240,Hemoglobin,12.9,12-16
L00838,P0240,HbA1c,5.2,4.0-5.6
L00839,P0240,Hemoglobin,14.2,12-16
L00840,P0241,TSH,8.9,0.4-4.0
L00841,P0241,Glucose,163.7,70-100
L00842,P0241,Platelet Count,486501.0,"150,000-450,000"
L00843,P0241,WBC Count,8181.0,"4,000-11,000"
L00844,P0241,Creatinine,2.8,0.6-1.3
L00845,P0242,Hemoglobin,14.7,12-16
L00846,P0242,TSH,6.53,0.4-4.0
L00847,P0242,Creatinine,1.1,0.6-1.3
L00848,P0243,Cholesterol,267.3,125-200
L00849,P0243,Glucose,62.2,70-100
L00850,P0243,WBC Count,14046.0,"4,000-11,000"
L00851,P0243,Hemoglobin,10.3,12-16
L00852,P0243,TSH,10.48,0.4-4.0
L00853,P0244,WBC Count,5060.0,"4,000-11,000"
L00854,P0244,Glucose,59.2,70-100
L00855,P0244,HbA1c,8.5,4.0-5.6
L00856,P0245,Glucose,171.6,70-100
L00857,P0245,Hemoglobin,12.0,12-16
L00858,P0246,Cholesterol,135.8,125-200
L00859,P0246,Creatinine,3.0,0.6-1.3
L00860,P0246,CRP,32.4,0-5
L00861,P0246,HbA1c,6.3,4.0-5.6
L00862,P0246,TSH,11.27,0.4-4.0
L00863,P0247,CRP,26.6,0-5
L00864,P0247,Hemoglobin,8.7,12-16
L00865,P0247,Glucose,194.0,70-100
L00866,P0248,Creatinine,2.4,0.6-1.3
L00867,P0248,Creatinine,0.9,0.6-1.3
L00868,P0248,WBC Count,4877.0,"4,000-11,000"
L00869,P0248,HbA1c,9.8,4.0-5.6
L00870,P0248,WBC Count,7704.0,"4,000-11,000"
L00871,P0249,CRP,8.4,0-5
L00872,P0249,HbA1c,7.7,4.0-5.6
L00873,P0249,HbA1c,6.9,4.0-5.6
L00874,P0250,WBC Count,2825.0,"4,000-11,000"
L00875,P0250,Creatinine,2.0,0.6-1.3
