Patient ID,Name,Age,Gender,Diagnosis ID,Admission Date,Outcome ID,Treatment Cost
P0001,Arjun Gupta,24,Female,D002,2025-04-14,O002,31386.56
P0002,Ananya Joshi,60,Female,D001,2023-11-23,O001,87618.08
P0003,Sneha Reddy,49,Male,D001,2025-06-12,O001,220264.43
P0004,Rahul Verma,18,Female,D012,2025-07-07,O001,226822.67
P0005,Sanjay Nair,36,Male,D001,2024-08-20,O002,145484.98
P0006,Anjali Verma,22,Female,D006,2025-12-04,O002,55681.31
P0007,Kavya Verma,85,Female,D001,2025-03-26,O003,130624.27
P0008,Kiran Joshi,80,Female,D006,2025-11-10,O001,212598.74
P0009,Kavya Gupta,28,Female,D011,2024-06-20,O001,87050.63
P0010,Diya Reddy,27,Female,D007,2026-03-19,O002,8995.53
P0011,Arjun Verma,64,Male,D006,2024-04-14,O002,135339.39
P0012,Kiran Patel,54,Female,D011,2024-04-22,O003,123533.81
P0013,Aditya Sharma,74,Female,D008,2023-04-01,O001,38008.26
P0014,Aarav Reddy,50,Female,D011,2024-07-10,O002,160395.76
P0015,Aarav Das,26,Female,D012,2023-07-01,O001,111134.08
P0016,Sanjay Nair,66,Male,D009,2025-04-07,O001,246410.3
P0017,Kiran Gupta,22,Female,D007,2024-12-14,O001,161586.34
P0018,Arjun Das,26,Male,D006,2024-04-26,O003,24202.24
P0019,Kavya Rao,67,Female,D003,2024-08-19,O002,95279.61
P0020,Arjun Joshi,84,Male,D011,2023-12-08,O003,99630.31
P0021,Meera Singh,35,Female,D011,2023-02-12,O002,115182.35
P0022,Pooja Das,72,Male,D003,2025-12-04,O002,218491.69
P0023,Varun Iyer,35,Female,D009,2023-08-03,O003,182949.91
P0024,Ananya Singh,61,Male,D005,2025-11-02,O001,54801.65
P0025,Aarav Kumar,68,Male,D009,2023-06-14,O001,128757.1
P0026,Kavya Patel,52,Male,D002,2024-10-11,O001,88580.34
P0027,Diya Nair,35,Female,D008,2025-03-26,O001,67928.68
P0028,Aarav Iyer,61,Female,D004,2025-10-23,O001,154388.97
P0029,Priya Nair,81,Female,D012,2026-04-12,O001,174361.06
P0030,Ananya Kumar,64,Female,D006,2025-01-04,O001,193720.06
P0031,Kiran Das,41,Female,D001,2025-04-29,O002,127616.33
P0032,Pooja Iyer,66,Female,D002,2024-08-29,O001,227512.11
P0033,Rohan Nair,59,Male,D007,2023-04-16,O003,100162.45
P0034,Diya Iyer,59,Male,D011,2025-07-01,O002,211008.17
P0035,Sanjay Rao,62,Male,D012,2025-07-21,O003,145864.85
P0036,Vikram Nair,24,Male,D002,2023-02-10,O002,166750.14
P0037,Varun Iyer,23,Female,D009,2023-10-17,O002,218264.48
P0038,Aarav Rao,22,Female,D009,2024-08-14,O003,147125.68
P0039,Isha Rao,67,Male,D012,2023-05-09,O002,74847.65
P0040,Aditya Sharma,72,Male,D010,2023-01-27,O002,170073.61
P0041,Meera Kumar,52,Male,D012,2025-12-23,O001,79174.44
P0042,Sanjay Kumar,54,Male,D002,2025-06-25,O003,138515.53
P0043,Meera Reddy,84,Male,D011,2025-03-14,O002,200453.29
P0044,Neha Patel,25,Female,D011,2025-06-11,O003,92334.23
P0045,Rahul Gupta,42,Male,D004,2023-03-18,O001,227955.91
P0046,Varun Joshi,21,Male,D007,2024-10-21,O003,12337.72
P0047,Ananya Kumar,73,Female,D003,2024-09-14,O001,74224.25
P0048,Isha Kumar,83,Male,D012,2025-01-10,O001,119144.39
P0049,Neha Sharma,83,Female,D007,2026-02-21,O001,100571.27
P0050,Priya Das,54,Male,D008,2023-08-07,O001,34891.08
P0051,Sneha Sharma,20,Female,D009,2024-12-23,O002,93884.27
P0052,Aditya Gupta,31,Male,D010,2024-10-27,O003,25278.77
P0053,Aarav Patel,41,Female,D003,2025-08-31,O001,213582.52
P0054,Isha Kumar,29,Female,D001,2023-07-21,O001,58672.87
P0055,Rahul Patel,69,Male,D001,2023-11-07,O001,118026.97
P0056,Isha Rao,23,Female,D008,2024-02-27,O001,62607.59
P0057,Sneha Rao,36,Male,D011,2023-01-20,O002,85208.57
P0058,Varun Singh,47,Male,D001,2026-01-31,O001,32030.41
P0059,Kavya Singh,48,Male,D009,2023-01-02,O003,224191.7
P0060,Anjali Singh,71,Female,D006,2023-09-24,O002,219818.61
P0061,Aarav Verma,62,Female,D012,2023-01-07,O002,129058.8
P0062,Rohan Joshi,55,Male,D007,2024-01-12,O003,84781.67
P0063,Priya Gupta,43,Female,D011,2023-05-25,O001,55308.92
P0064,Aarav Singh,79,Female,D011,2026-02-06,O003,45022.15
P0065,Anjali Reddy,21,Male,D004,2025-01-18,O001,29699.26
P0066,Priya Patel,52,Male,D002,2025-01-09,O001,229093.3
P0067,Rohan Verma,50,Female,D002,2024-06-16,O003,199143.07
P0068,Aarav Reddy,33,Female,D005,2024-09-23,O002,239402.85
P0069,Kiran Patel,32,Male,D008,2025-03-06,O002,236029.41
P0070,Isha Patel,67,Male,D007,2024-03-05,O001,229362.14
P0071,Sneha Singh,28,Male,D009,2024-06-30,O002,46196.27
P0072,Arjun Verma,26,Male,D002,2026-03-11,O002,70197.96
P0073,Aarav Verma,42,Female,D005,2026-01-26,O003,87863.43
P0074,Arjun Gupta,36,Female,D005,2024-02-14,O002,56931.98
P0075,Rahul Nair,26,Male,D003,2023-04-07,O003,59482.28
P0076,Priya Reddy,42,Female,D010,2025-06-07,O003,136025.69
P0077,Aarav Kumar,45,Male,D008,2023-03-29,O003,231825.3
P0078,Arjun Gupta,22,Male,D011,2025-12-11,O001,244655.08
P0079,Isha Verma,78,Female,D006,2024-01-09,O003,166173.87
P0080,Vikram Joshi,31,Male,D001,2024-03-18,O001,165845.94
P0081,Isha Patel,56,Female,D009,2025-05-11,O003,69482.47
P0082,Pooja Iyer,85,Male,D001,2026-04-03,O003,178765.01
P0083,Kavya Nair,30,Female,D011,2024-05-19,O003,200643.88
P0084,Manoj Das,21,Female,D005,2025-08-11,O002,163733.15
P0085,Rohan Nair,61,Male,D003,2023-03-23,O002,17834.95
P0086,Anjali Reddy,65,Female,D011,2023-12-29,O001,244340.44
P0087,Neha Das,47,Female,D003,2025-11-03,O003,179639.76
P0088,Isha Verma,47,Female,D006,2024-10-07,O003,159749.21
P0089,Arjun Joshi,52,Female,D011,2025-09-11,O001,62643.11
P0090,Kiran Verma,84,Male,D006,2023-03-24,O001,41056.69
P0091,Kiran Nair,69,Male,D009,2024-05-25,O003,238439.3
P0092,Pooja Verma,82,Male,D008,2023-11-16,O002,90794.61
P0093,Neha Gupta,74,Male,D002,2025-05-24,O003,212920.76
P0094,Ananya Nair,58,Male,D011,2025-05-29,O002,175817.41
P0095,Priya Rao,77,Male,D002,2023-03-19,O003,243095.79
P0096,Kiran Patel,48,Female,D012,2024-11-29,O003,62222.77
P0097,Aarav Rao,75,Male,D011,2025-08-18,O002,161642.45
P0098,Priya Kumar,34,Female,D006,2026-01-19,O002,170164.7
P0099,Neha Das,24,Male,D009,2023-09-21,O003,7462.88
P0100,Kiran Rao,71,Female,D012,2025-10-20,O001,200649.51
P0101,Sneha Reddy,47,Female,D012,2025-04-29,O003,124634.1
P0102,Rohan Rao,63,Female,D002,2024-02-06,O002,26961.38
P0103,Meera Joshi,40,Male,D002,2023-05-14,O002,205438.62
P0104,Manoj Das,73,Female,D012,2023-03-24,O002,17629.37
P0105,Ananya Iyer,68,Female,D012,2024-11-11,O002,90547.82
P0106,Arjun Kumar,41,Male,D001,2025-06-29,O002,127521.38
P0107,Neha Rao,54,Female,D012,2024-08-10,O001,83348.92
P0108,Varun Joshi,46,Male,D010,2025-08-22,O001,55957.5
P0109,Ananya Nair,78,Male,D005,2023-11-30,O001,118569.69
P0110,Rahul Verma,75,Female,D005,2025-06-12,O003,228808.38
P0111,Anjali Das,68,Female,D002,2024-10-21,O002,143726.22
P0112,Pooja Nair,34,Male,D001,2023-11-26,O003,106979.4
P0113,Isha Joshi,52,Male,D005,2023-12-25,O003,63173.84
P0114,Vikram Patel,28,Female,D009,2023-05-10,O002,119118.5
P0115,Meera Singh,62,Male,D003,2024-09-15,O002,42848.21
P0116,Manoj Kumar,47,Male,D005,2024-01-27,O003,150550.65
P0117,Kiran Rao,75,Male,D003,2023-11-21,O002,157549.25
P0118,Kiran Nair,23,Male,D004,2023-03-26,O002,57803.74
P0119,Varun Verma,73,Male,D002,2026-02-13,O003,17427.55
P0120,Meera Patel,31,Female,D003,2024-05-01,O003,80180.7
P0121,Anjali Patel,65,Female,D001,2025-09-25,O002,111135.08
P0122,Meera Das,36,Male,D004,2024-09-05,O003,169646.04
P0123,Rohan Reddy,36,Male,D003,2025-12-20,O001,61936.31
P0124,Sneha Kumar,56,Male,D012,2023-02-03,O002,181157.87
P0125,Manoj Singh,47,Female,D012,2023-06-09,O002,66617.33
P0126,Rahul Gupta,48,Male,D010,2024-02-23,O001,7168.55
P0127,Pooja Reddy,83,Female,D008,2023-05-26,O001,118904.18
P0128,Sanjay Rao,73,Female,D002,2025-07-12,O003,10977.97
P0129,Neha Nair,34,Female,D012,2025-08-15,O002,33507.19
P0130,Sanjay Singh,62,Female,D002,2024-04-17,O002,240200.22
P0131,Priya Nair,85,Male,D002,2023-01-19,O003,179850.53
P0132,Ananya Kumar,75,Female,D003,2024-01-01,O001,48962.39
P0133,Isha Rao,75,Male,D011,2026-01-28,O001,185519.29
P0134,Sneha Das,66,Male,D005,2026-03-19,O002,209797.19
P0135,Anjali Kumar,73,Male,D012,2024-04-18,O002,60236.91
P0136,Meera Rao,37,Female,D008,2024-10-18,O003,5916.57
P0137,Sanjay Patel,76,Male,D004,2023-02-16,O002,37652.67
P0138,Kiran Verma,80,Male,D011,2023-11-23,O001,135019.05
P0139,Isha Singh,53,Female,D009,2025-08-29,O001,98510.41
P0140,Manoj Reddy,59,Male,D002,2024-04-20,O003,193401.93
P0141,Neha Iyer,64,Male,D007,2024-07-22,O002,138147.84
P0142,Varun Reddy,23,Male,D004,2023-10-31,O002,193274.47
P0143,Varun Sharma,84,Female,D001,2025-02-03,O001,237216.02
P0144,Neha Singh,26,Male,D009,2026-01-06,O003,122668.86
P0145,Aditya Sharma,42,Female,D007,2024-02-12,O003,157439.73
P0146,Manoj Patel,84,Male,D011,2024-09-04,O002,215902.02
P0147,Priya Verma,68,Female,D003,2024-05-21,O001,23862.63
P0148,Aarav Rao,47,Female,D002,2025-06-16,O001,179540.08
P0149,Aditya Singh,23,Female,D012,2024-11-25,O003,31041.23
P0150,Manoj Nair,70,Male,D008,2024-09-27,O001,149266.8
P0151,Meera Nair,50,Female,D006,2025-11-09,O003,94946.61
P0152,Arjun Verma,85,Male,D011,2023-09-30,O001,161740.44
P0153,Ananya Sharma,64,Female,D011,2025-10-06,O003,56682.54
P0154,Vikram Iyer,44,Male,D003,2023-09-18,O002,65643.61
P0155,Diya Joshi,83,Female,D007,2024-01-25,O001,20642.63
P0156,Aditya Verma,47,Male,D004,2023-04-21,O002,88621.39
P0157,Sneha Joshi,68,Female,D009,2023-05-13,O003,243900.5
P0158,Diya Iyer,41,Female,D003,2024-11-01,O001,92654.2
P0159,Rohan Sharma,22,Male,D007,2024-11-30,O002,245857.67
P0160,Rohan Patel,81,Male,D010,2023-04-27,O002,20357.76
P0161,Meera Sharma,60,Male,D005,2024-05-10,O001,189141.43
P0162,Vikram Joshi,22,Male,D009,2024-03-21,O002,85747.43
P0163,Anjali Kumar,39,Female,D012,2025-09-07,O003,246645.57
P0164,Priya Verma,32,Female,D002,2025-08-02,O001,166727.3
P0165,Kavya Patel,27,Male,D008,2026-04-11,O003,61589.9
P0166,Sanjay Iyer,49,Male,D004,2023-12-03,O001,218342.09
P0167,Priya Rao,57,Male,D004,2024-04-26,O001,171934.76
P0168,Sanjay Reddy,32,Male,D009,2024-09-30,O001,201881.84
P0169,Anjali Kumar,84,Female,D004,2025-01-23,O002,228998.12
P0170,Rohan Nair,73,Female,D001,2023-06-01,O001,209936.85
P0171,Kavya Joshi,68,Male,D009,2025-12-20,O003,185084.23
P0172,Diya Patel,44,Female,D012,2023-11-09,O001,238624.13
P0173,Sanjay Das,56,Female,D002,2025-07-04,O001,217002.48
P0174,Meera Verma,27,Female,D007,2025-08-06,O002,35091.41
P0175,Diya Singh,35,Female,D009,2026-02-23,O002,221576.73
P0176,Neha Kumar,39,Male,D004,2025-07-20,O002,22627.78
P0177,Kavya Joshi,75,Female,D004,2025-03-08,O002,83974.06
P0178,Vikram Patel,53,Male,D012,2025-12-16,O001,112617.83
P0179,Sanjay Patel,79,Female,D003,2025-08-02,O003,239480.17
P0180,Ananya Verma,49,Male,D002,2026-04-11,O002,87777.62
P0181,Pooja Gupta,73,Female,D002,2024-05-20,O003,188692.0
P0182,Varun Singh,65,Female,D011,2023-03-13,O002,216496.24
P0183,Kiran Das,77,Male,D008,2023-05-26,O001,58381.66
P0184,Priya Kumar,56,Male,D006,2024-01-13,O002,24826.06
P0185,Aarav Joshi,71,Female,D003,2023-01-16,O002,128420.84
P0186,Arjun Joshi,46,Female,D007,2023-12-17,O002,81492.25
P0187,Vikram Gupta,48,Female,D004,2023-01-01,O001,94248.22
P0188,Vikram Reddy,26,Male,D008,2023-12-11,O001,204168.06
P0189,Aarav Sharma,36,Male,D009,2026-01-27,O003,210280.66
P0190,Pooja Das,29,Male,D008,2025-09-08,O003,206036.6
P0191,Anjali Singh,63,Male,D012,2025-05-13,O002,28027.05
P0192,Aarav Das,45,Female,D010,2024-12-03,O003,128474.16
P0193,Sneha Patel,41,Male,D004,2024-08-21,O001,127386.84
P0194,Vikram Reddy,58,Female,D009,2025-07-30,O003,74282.69
P0195,Priya Verma,46,Female,D012,2024-10-28,O001,223004.41
P0196,Anjali Nair,20,Male,D005,2025-10-20,O003,105112.5
P0197,Anjali Gupta,76,Male,D004,2025-02-20,O001,144124.16
P0198,Pooja Verma,62,Male,D011,2024-01-25,O001,15795.81
P0199,Kiran Iyer,85,Male,D003,2024-06-12,O002,75109.24
P0200,Rahul Sharma,31,Male,D005,2026-02-19,O002,111593.52
P0201,Meera Nair,59,Female,D007,2026-03-22,O002,144265.71
P0202,Rahul Rao,67,Male,D012,2024-01-06,O001,229700.46
P0203,Anjali Verma,44,Male,D012,2023-01-11,O002,247860.06
P0204,Diya Patel,30,Male,D005,2025-01-19,O003,189005.87
P0205,Manoj Singh,57,Male,D009,2025-09-03,O003,14663.04
P0206,Rahul Singh,67,Male,D011,2023-05-12,O003,19667.84
P0207,Meera Das,27,Male,D001,2025-12-26,O003,173486.66
P0208,Sanjay Iyer,23,Male,D005,2024-06-27,O002,138904.03
P0209,Varun Sharma,41,Male,D004,2026-03-29,O002,244097.17
P0210,Manoj Das,39,Female,D007,2025-10-19,O001,245934.88
P0211,Priya Rao,22,Male,D008,2023-10-03,O003,94579.13
P0212,Diya Patel,59,Female,D010,2023-04-06,O001,161809.97
P0213,Varun Nair,59,Female,D004,2025-11-15,O003,87033.97
P0214,Isha Joshi,54,Male,D006,2025-10-06,O003,90210.73
P0215,Rohan Gupta,63,Female,D008,2023-04-26,O003,155941.4
P0216,Rohan Patel,35,Female,D008,2023-05-21,O002,75330.68
P0217,Aditya Rao,81,Female,D003,2025-01-09,O003,21750.91
P0218,Kiran Das,27,Female,D002,2025-06-03,O001,178042.05
P0219,Aarav Das,48,Male,D004,2025-12-07,O001,48991.67
P0220,Varun Nair,38,Male,D004,2024-11-23,O001,136648.65
P0221,Varun Das,66,Female,D003,2024-10-21,O001,39205.28
P0222,Rahul Sharma,33,Female,D010,2023-05-13,O003,248030.24
P0223,Arjun Sharma,29,Female,D003,2025-06-18,O003,105446.4
P0224,Aditya Kumar,47,Male,D011,2023-12-07,O001,215624.73
P0225,Kavya Nair,84,Male,D005,2023-04-22,O002,119755.65
P0226,Varun Reddy,79,Female,D002,2023-09-29,O002,124024.75
P0227,Vikram Rao,72,Female,D009,2024-02-20,O002,85065.28
P0228,Kavya Rao,31,Male,D007,2023-06-19,O002,132162.35
P0229,Aarav Patel,58,Female,D010,2023-06-05,O003,89207.23
P0230,Manoj Singh,71,Female,D012,2025-02-08,O003,115405.19
P0231,Sneha Reddy,65,Female,D004,2026-03-29,O002,87335.98
P0232,Kavya Rao,53,Female,D004,2024-02-19,O001,231906.8
P0233,Arjun Sharma,72,Male,D008,2024-01-13,O002,231958.73
P0234,Ananya Patel,75,Male,D005,2023-07-11,O002,131559.13
P0235,Diya Reddy,53,Male,D011,2023-08-02,O003,224273.68
P0236,Neha Singh,64,Female,D009,2024-01-29,O003,155510.01
P0237,Sneha Singh,45,Male,D005,2024-06-15,O001,191504.23
P0238,Arjun Kumar,24,Male,D002,2024-04-02,O003,118666.03
P0239,Manoj Sharma,34,Female,D011,2023-05-13,O002,109837.59
P0240,Sanjay Joshi,19,Male,D003,2024-12-02,O003,230521.61
P0241,Sanjay Das,65,Female,D010,2024-11-25,O002,157969.74
P0242,Sanjay Gupta,26,Male,D007,2024-08-30,O001,54220.0
P0243,Kiran Iyer,38,Female,D006,2025-02-11,O001,195092.34
P0244,Kavya Das,61,Female,D004,2025-04-26,O002,134417.97
P0245,Arjun Joshi,84,Female,D005,2025-01-21,O003,135009.45
P0246,Aarav Reddy,65,Male,D003,2025-07-23,O001,41529.29
P0247,Varun Das,34,Male,D004,2025-07-20,O001,28262.58
P0248,Rohan Gupta,82,Male,D001,2025-11-24,O001,47011.6
P0249,Neha Verma,46,Male,D008,2024-01-15,O001,224090.17
P0250,Sneha Gupta,65,Male,D012,2023-07-11,O003,143063.41
